id,name,aliases,type,role,sector,primary_layer,layers,phase,ticker,public_private,geo,founded,revenue_usd_b,one_liner,why_irreplaceable,what_breaks_it,geo_risk,geo_risk_note,export_regime,concentration
nventures,NVIDIA Ventures (NVentures),NVentures|NVIDIA Ventures,company,capital,venture,L14,L14,scaling,,private,US,2022,,"Венчурное подразделение якоря: вкладывается в компании, которые должны остаться на его платформе.","Это не портфель ради доходности, а инструмент управления собственным риском: деньги идут туда, где уход экосистемы был бы для якоря дороже всего.",Сворачивание программы вложений при сжатии рынка.,low,Вложения преимущественно в США.,,20
softbank,SoftBank,SoftBank Group|SoftBank Group Corp,company,capital,strategic_capital,L14,L14,mature,TSE: 9984,public,JP,1981,,"Японский холдинг, взявший на себя финансовую ответственность за крупнейшую стройку вычислений.","Капитал такого масштаба под один проект найти сложно: это не венчурный чек, а обязательство финансировать стройку на годы вперёд.",Невозможность привлечь долг под стройку.,medium,"Японская юрисдикция, активы мировые.",,30
mgx,MGX,MGX Abu Dhabi,company,capital,strategic_capital,L14,L14,scaling,,government,AE,2024,,"Инвестиционная компания Абу-Даби, созданная специально под вложения в ИИ.","Суверенный капитал, входящий в стройку вычислений напрямую. Отличается от венчура тем, что горизонт длиннее и объём больше.",Смена приоритетов суверенного собственника.,medium,"Капитал из ОАЭ, сделки проходят проверку CFIUS.",CFIUS_REVIEW,40
sequoia,Sequoia Capital,Sequoia,company,capital,venture,L14,L14,mature,,private,US,1972,,"Венчурный фонд, вкладывающийся в компании прикладного слоя и инфраструктуры ИИ.","Деньги заменимы деньгами: ценность фонда в доступе к сделкам и в скорости, а не в незаменимости капитала.",Сжатие венчурного финансирования.,low,Вложения преимущественно в США.,,15
a16z,Andreessen Horowitz,a16z,company,capital,venture,L14,L14,mature,,private,US,2009,,"Венчурный фонд, один из крупнейших инвесторов в компании вокруг ИИ.","Второй фонд того же класса. Наличие нескольких — причина, по которой венчурный капитал не бывает критичным.",Сжатие венчурного финансирования.,low,Вложения преимущественно в США.,,15
thrive,Thrive Capital,Thrive,company,capital,venture,L14,L14,scaling,,private,US,2010,,"Фонд, специализирующийся на поздних раундах компаний вокруг моделей.","Поздние раунды на миллиарды — узкий сегмент, но и в нём инвесторов несколько.",Сжатие поздних раундов.,low,Вложения преимущественно в США.,,15
lightspeed,Lightspeed Venture Partners,Lightspeed,company,capital,venture,L14,L14,mature,,private,US,2000,,Венчурный фонд с вложениями в инфраструктуру и в прикладной слой ИИ.,"Ещё один фонд того же класса. Для карты важен как часть множества, а не по отдельности.",Сжатие венчурного финансирования.,low,Вложения преимущественно в США.,,15
blackrock,BlackRock,"BlackRock, Inc.|GIP|Global Infrastructure Partners",company,capital,strategic_capital,L14,L14,mature,NYSE: BLK,public,US,1988,20.0,Крупнейший управляющий активами; через инфраструктурное подразделение финансирует площадки.,Инфраструктурный капитал под площадки и энергию. Отличается от венчура длиной горизонта и требованием предсказуемого денежного потока.,Разворот цикла на рынке инфраструктуры.,low,Активы мировые.,,15
blackstone,Blackstone,Blackstone Inc.,company,capital,strategic_capital,L14,L14,mature,NYSE: BX,public,US,1985,13.0,"Управляющий капиталом, владеющий платформами дата-центров напрямую.","Владеет площадками, а не долями в них. Это делает его собственником узкого места, а не просто источником денег.",Разворот цикла на рынке дата-центров.,low,Активы преимущественно в США и Европе.,,15
